1,2025-02-15
2,2024-09-08
3,2024-11-12
4,
5,2024-06-08
6,2024-10-18
7,2024-08-31
8,
9,
10,2024-10-17
11,2024-07-15
12,2024-08-13
13,2024-06-03
14,2024-07-19
15,
16,2024-09-11
17,2024-05-01
18,2024-04-30
19,
20,
21,2024-08-11
22,2024-12-01
23,2024-03-01
24,
25,
26,2024-08-16
27,
28,2024-12-05
29,2024-05-24
30,2024-10-08
31,2024-05-20
32,2024-05-19
33,2024-10-17
34,2024-11-13
35,2024-12-05
36,2024-06-03
37,2024-11-30
38,2024-06-27
39,2024-10-24
40,2024-07-27
41,2024-03-05
42,2025-01-30
43,2024-08-18
44,2024-06-02
45,2024-06-22
46,2024-12-06
47,2024-05-23
48,2024-04-21
49,2024-06-11
50,2024-08-03
51,2024-06-06
52,2024-11-07
53,2024-08-04
54,
55,2025-01-15
56,2024-04-18
57,2024-09-16
58,2024-09-27
59,2024-03-29
60,2025-01-07
61,
62,2024-08-07
63,2024-06-23
64,2025-02-03
65,2024-03-13
66,2024-05-17
67,2025-01-17
68,2024-03-16
69,2024-06-02
70,2025-01-29
71,2024-11-21
72,2024-03-03
73,2025-02-01
74,2024-11-07
75,2024-05-05
76,2024-08-25
77,2024-09-09
78,2024-10-07
79,2024-05-01
80,2024-04-02
